{"cameraMode":{"drawMode":0,"name":"Shaded","section":"Shading Mode"},"sceneLighting":false,"audioPlay":false,"sceneViewState":{"m_AlwaysRefresh":false,"showFog":true,"showSkybox":false,"showFlares":true,"showImageEffects":true,"showParticleSystems":true,"showVisualEffectGraphs":true,"m_FxEnabled":true},"in2DMode":false,"pivot":{"x":-2.096485137939453,"y":5.487545013427734,"z":4.175789833068848},"rotation":{"x":-0.04946951940655708,"y":-0.020677044987678529,"z":0.0010259150294587017,"w":-0.9985678195953369},"size":1.0392303466796876,"orthographic":false}