{"cameraMode":{"drawMode":0,"name":"Shaded","section":"Shading Mode"},"sceneLighting":false,"audioPlay":false,"sceneViewState":{"m_AlwaysRefresh":false,"showFog":true,"showSkybox":false,"showFlares":true,"showImageEffects":true,"showParticleSystems":true,"showVisualEffectGraphs":true,"m_FxEnabled":true},"in2DMode":false,"pivot":{"x":0.4399999976158142,"y":1.621153473854065,"z":-12.039999961853028},"rotation":{"x":0.36403942108154299,"y":0.036310575902462009,"z":-0.014204687438905239,"w":0.9305680394172669},"size":0.6598450541496277,"orthographic":true}