{"cameraMode":{"drawMode":0,"name":"Shaded","section":"Shading Mode"},"sceneLighting":true,"audioPlay":false,"sceneViewState":{"m_AlwaysRefresh":false,"showFog":true,"showSkybox":true,"showFlares":true,"showImageEffects":true,"showParticleSystems":true,"showVisualEffectGraphs":true,"m_FxEnabled":true},"in2DMode":false,"pivot":{"x":3.2198126316070558,"y":1.060220718383789,"z":-15.343192100524903},"rotation":{"x":0.36403942108154299,"y":0.036310575902462009,"z":-0.014204687438905239,"w":0.9305680394172669},"size":5.098912715911865,"orthographic":true}