{"cameraMode":{"drawMode":0,"name":"Shaded","section":"Shading Mode"},"sceneLighting":true,"audioPlay":false,"sceneViewState":{"m_AlwaysRefresh":false,"showFog":true,"showSkybox":true,"showFlares":true,"showImageEffects":true,"showParticleSystems":true,"showVisualEffectGraphs":true,"m_FxEnabled":true},"in2DMode":false,"pivot":{"x":-1.7455787658691407,"y":17.03445053100586,"z":275.3306884765625},"rotation":{"x":-0.0040912507101893429,"y":-0.975686252117157,"z":0.2186967432498932,"w":-0.018551694229245187},"size":24.90516471862793,"orthographic":true}