{"cameraMode":{"drawMode":0,"name":"Shaded","section":"Shading Mode"},"sceneLighting":true,"audioPlay":false,"sceneViewState":{"m_AlwaysRefresh":false,"showFog":true,"showSkybox":true,"showFlares":true,"showImageEffects":true,"showParticleSystems":true,"showVisualEffectGraphs":true,"m_FxEnabled":true},"in2DMode":false,"pivot":{"x":1.112342119216919,"y":0.6706211566925049,"z":-6.311703205108643},"rotation":{"x":0.005999953486025333,"y":0.0045001571998000149,"z":-0.000027072415832662955,"w":0.9999728798866272},"size":2.147552728652954,"orthographic":false}