{"cameraMode":{"drawMode":0,"name":"Shaded","section":"Shading Mode"},"sceneLighting":true,"audioPlay":false,"sceneViewState":{"m_AlwaysRefresh":false,"showFog":true,"showSkybox":true,"showFlares":true,"showImageEffects":true,"showParticleSystems":true,"showVisualEffectGraphs":true,"m_FxEnabled":true},"in2DMode":false,"pivot":{"x":-0.007181508932262659,"y":1.1641255617141724,"z":0.19945783913135529},"rotation":{"x":0.0011990915518254042,"y":-0.9968982338905335,"z":0.07731243222951889,"w":0.0152478301897645},"size":7.071067810058594,"orthographic":true}