{"cameraMode":{"drawMode":0,"name":"Shaded","section":"Shading Mode"},"sceneLighting":true,"audioPlay":false,"sceneViewState":{"m_AlwaysRefresh":false,"showFog":true,"showSkybox":true,"showFlares":true,"showImageEffects":true,"showParticleSystems":true,"showVisualEffectGraphs":true,"m_FxEnabled":true},"in2DMode":false,"pivot":{"x":10.574150085449219,"y":9.100255966186524,"z":-2.2457118034362795},"rotation":{"x":0.14393706619739533,"y":-0.5902247428894043,"z":0.10794685781002045,"w":0.7869624495506287},"size":2.4237256050109865,"orthographic":false}