{"cameraMode":{"drawMode":0,"name":"Shaded","section":"Shading Mode"},"sceneLighting":true,"audioPlay":false,"sceneViewState":{"m_AlwaysRefresh":false,"showFog":true,"showSkybox":true,"showFlares":true,"showImageEffects":true,"showParticleSystems":true,"showVisualEffectGraphs":true,"m_FxEnabled":true},"in2DMode":false,"pivot":{"x":-9.728975296020508,"y":1.1569714546203614,"z":276.6983337402344},"rotation":{"x":0.0015636439202353359,"y":0.706757664680481,"z":-0.7076104283332825,"w":0.001136062783189118},"size":6.033453941345215,"orthographic":true}